CAX_ID,match_id,0,1,2,3,4,5
105429,ba2b8b,,,,,,
105437,ba2b8b,,,,,,
105443,ba2b8b,,,,,,
105450,ba2b8b,,,,,,
105455,ba2b8b,,,,,,
105468,ba2b8b,,,,,,
105475,ba2b8b,,,,,,
105482,ba2b8b,,,,,,
105487,ba2b8b,,,,,,
105491,ba2b8b,,,,,,
105496,ba2b8b,,,,,,
105500,ba2b8b,,,,,,
105506,ba2b8b,,,,,,
105513,ba2b8b,,,,,,
105520,ba2b8b,,,,,,
105527,ba2b8b,,,,,,
105536,ba2b8b,,,,,,
105543,ba2b8b,,,,,,
105548,ba2b8b,,,,,,
105557,ba2b8b,,,,,,
105563,ba2b8b,,,,,,
105568,ba2b8b,,,,,,
105576,ba2b8b,,,,,,
105583,ba2b8b,,,,,,
105587,ba2b8b,,,,,,
105592,fd2818,,,,,,
105598,fd2818,,,,,,
105600,fd2818,,,,,,
105609,fd2818,,,,,,
105618,fd2818,,,,,,
105629,fd2818,,,,,,
105640,fd2818,,,,,,
105648,fd2818,,,,,,
105652,fd2818,,,,,,
105662,fd2818,,,,,,
105674,fd2818,,,,,,
105681,fd2818,,,,,,
105690,fd2818,,,,,,
105710,fd2818,,,,,,
105720,fd2818,,,,,,
105728,fd2818,,,,,,
105733,fd2818,,,,,,
105742,fd2818,,,,,,
105747,fd2818,,,,,,
105751,fd2818,,,,,,
105766,fd2818,,,,,,
105775,fd2818,,,,,,
105781,fd2818,,,,,,
105788,fd2818,,,,,,
105796,fd2818,,,,,,
105805,fd2818,,,,,,
105812,fd2818,,,,,,
105817,fd2818,,,,,,
105825,fd2818,,,,,,
105839,fd2818,,,,,,
105847,fd2818,,,,,,
105854,fd2818,,,,,,
105867,fd2818,,,,,,
105885,fd2818,,,,,,
105890,fd2818,,,,,,
105896,fd2818,,,,,,
105902,fd2818,,,,,,
105907,fd2818,,,,,,
105912,fd2818,,,,,,
105916,fd2818,,,,,,
105926,fd2818,,,,,,
105934,fd2818,,,,,,
105939,fd2818,,,,,,
105943,fd2818,,,,,,
105951,fd2818,,,,,,
105970,fd2818,,,,,,
105978,fd2818,,,,,,
105985,fd2818,,,,,,
105992,fd2818,,,,,,
105997,fd2818,,,,,,
106002,fd2818,,,,,,
106008,fd2818,,,,,,
106012,fd2818,,,,,,
106021,fd2818,,,,,,
106026,fd2818,,,,,,
106032,fd2818,,,,,,
106037,fd2818,,,,,,
106044,fd2818,,,,,,
106066,fd2818,,,,,,
106072,d283ea,,,,,,
106077,d283ea,,,,,,
106089,d283ea,,,,,,
106097,d283ea,,,,,,
106104,d283ea,,,,,,
106111,d283ea,,,,,,
106117,d283ea,,,,,,
106123,d283ea,,,,,,
106127,d283ea,,,,,,
106138,d283ea,,,,,,
106147,d283ea,,,,,,
106155,d283ea,,,,,,
106165,d283ea,,,,,,
106170,d283ea,,,,,,
106179,d283ea,,,,,,
106187,d283ea,,,,,,
106196,d283ea,,,,,,
106203,d283ea,,,,,,
106214,d283ea,,,,,,
106221,d283ea,,,,,,
106242,d283ea,,,,,,
106254,d283ea,,,,,,
106261,d283ea,,,,,,
106277,d283ea,,,,,,
106283,d283ea,,,,,,
106289,d283ea,,,,,,
106294,d283ea,,,,,,
106301,d283ea,,,,,,
106307,d283ea,,,,,,
106314,d283ea,,,,,,
106318,d283ea,,,,,,
106328,d283ea,,,,,,
106341,44219e,,,,,,
106352,44219e,,,,,,
106357,44219e,,,,,,
106368,44219e,,,,,,
106381,44219e,,,,,,
106386,44219e,,,,,,
106399,44219e,,,,,,
106405,44219e,,,,,,
106413,44219e,,,,,,
106419,44219e,,,,,,
106427,44219e,,,,,,
106442,44219e,,,,,,
106447,44219e,,,,,,
106465,44219e,,,,,,
106473,44219e,,,,,,
106477,44219e,,,,,,
106483,44219e,,,,,,
106496,44219e,,,,,,
106500,44219e,,,,,,
106507,44219e,,,,,,
106514,44219e,,,,,,
106522,44219e,,,,,,
106531,44219e,,,,,,
106536,44219e,,,,,,
106546,44219e,,,,,,
106551,44219e,,,,,,
106559,44219e,,,,,,
106566,44219e,,,,,,
106569,44219e,,,,,,
106576,44219e,,,,,,
106593,44219e,,,,,,
106597,44219e,,,,,,
106605,44219e,,,,,,
106614,44219e,,,,,,
106618,44219e,,,,,,
106625,44219e,,,,,,
106632,44219e,,,,,,
106641,44219e,,,,,,
106648,44219e,,,,,,
106660,44219e,,,,,,
106663,44219e,,,,,,
106671,5717d3,,,,,,
106676,5717d3,,,,,,
106686,5717d3,,,,,,
106693,5717d3,,,,,,
106698,5717d3,,,,,,
106706,5717d3,,,,,,
106712,5717d3,,,,,,
106729,5717d3,,,,,,
106734,5717d3,,,,,,
106744,5717d3,,,,,,
106756,5717d3,,,,,,
106765,5717d3,,,,,,
106771,5717d3,,,,,,
106778,5717d3,,,,,,
106791,5717d3,,,,,,
106800,5717d3,,,,,,
106809,5717d3,,,,,,
106815,5717d3,,,,,,
106823,5717d3,,,,,,
106828,5717d3,,,,,,
106836,5717d3,,,,,,
106846,5717d3,,,,,,
106856,5717d3,,,,,,
106863,5717d3,,,,,,
106873,5717d3,,,,,,
106881,5717d3,,,,,,
106887,5717d3,,,,,,
106894,b8dcc8,,,,,,
106908,b8dcc8,,,,,,
106917,b8dcc8,,,,,,
106939,b8dcc8,,,,,,
106951,b8dcc8,,,,,,
106957,b8dcc8,,,,,,
106964,b8dcc8,,,,,,
106970,b8dcc8,,,,,,
106975,b8dcc8,,,,,,
106982,b8dcc8,,,,,,
106988,b8dcc8,,,,,,
106994,b8dcc8,,,,,,
107002,b8dcc8,,,,,,
107009,b8dcc8,,,,,,
107016,b8dcc8,,,,,,
107021,4df664,,,,,,
107029,4df664,,,,,,
107042,4df664,,,,,,
107050,4df664,,,,,,
107054,4df664,,,,,,
107061,4df664,,,,,,
107070,4df664,,,,,,
107079,4df664,,,,,,
107088,4df664,,,,,,
107098,4df664,,,,,,
107109,4df664,,,,,,
107115,4df664,,,,,,
107121,4df664,,,,,,
107128,4df664,,,,,,
107134,4df664,,,,,,
107142,4df664,,,,,,
107149,4df664,,,,,,
107155,4df664,,,,,,
107161,4df664,,,,,,
107173,4df664,,,,,,
107184,4df664,,,,,,
107190,4df664,,,,,,
107199,4df664,,,,,,
107209,4df664,,,,,,
107218,4df664,,,,,,
107222,4df664,,,,,,
107230,4df664,,,,,,
107239,4df664,,,,,,
107246,4df664,,,,,,
107252,4df664,,,,,,
107258,4df664,,,,,,
107264,4df664,,,,,,
107275,4df664,,,,,,
107289,4df664,,,,,,
107295,4df664,,,,,,
107308,4df664,,,,,,
107315,4df664,,,,,,
107322,4df664,,,,,,
107333,4df664,,,,,,
107342,4df664,,,,,,
107346,4df664,,,,,,
107353,4df664,,,,,,
107361,4df664,,,,,,
107378,4df664,,,,,,
107387,f1d6b8,,,,,,
107401,f1d6b8,,,,,,
107411,f1d6b8,,,,,,
107415,f1d6b8,,,,,,
107427,f1d6b8,,,,,,
107433,f1d6b8,,,,,,
107439,f1d6b8,,,,,,
107447,f1d6b8,,,,,,
107453,f1d6b8,,,,,,
107460,f1d6b8,,,,,,
107468,f1d6b8,,,,,,
107476,f1d6b8,,,,,,
107487,f1d6b8,,,,,,
107496,f1d6b8,,,,,,
107502,f1d6b8,,,,,,
107507,f1d6b8,,,,,,
107516,f1d6b8,,,,,,
107523,f1d6b8,,,,,,
107531,f1d6b8,,,,,,
107536,f1d6b8,,,,,,
107546,f1d6b8,,,,,,
107561,f1d6b8,,,,,,
107573,f1d6b8,,,,,,
107579,f1d6b8,,,,,,
107587,f1d6b8,,,,,,
107591,f1d6b8,,,,,,
107600,f7622c,,,,,,
107608,f7622c,,,,,,
107622,f7622c,,,,,,
107624,f7622c,,,,,,
107628,f7622c,,,,,,
107637,f7622c,,,,,,
107645,f7622c,,,,,,
107651,f7622c,,,,,,
107657,f7622c,,,,,,
107665,f7622c,,,,,,
107671,f7622c,,,,,,
107681,f7622c,,,,,,
107689,f7622c,,,,,,
107695,f7622c,,,,,,
107701,f7622c,,,,,,
107705,f7622c,,,,,,
107709,f7622c,,,,,,
107724,f7622c,,,,,,
107730,f7622c,,,,,,
107746,f7622c,,,,,,
107754,f7622c,,,,,,
107762,f7622c,,,,,,
107770,f7622c,,,,,,
107784,f7622c,,,,,,
107792,f7622c,,,,,,
107805,f7622c,,,,,,
107814,f7622c,,,,,,
107827,f7622c,,,,,,
107835,f7622c,,,,,,
107843,f7622c,,,,,,
107849,97a9fb,,,,,,
107861,97a9fb,,,,,,
107866,97a9fb,,,,,,
107870,97a9fb,,,,,,
107877,97a9fb,,,,,,
107883,97a9fb,,,,,,
107904,97a9fb,,,,,,
107911,97a9fb,,,,,,
107918,97a9fb,,,,,,
107927,97a9fb,,,,,,
107931,97a9fb,,,,,,
107937,97a9fb,,,,,,
107945,97a9fb,,,,,,
107953,97a9fb,,,,,,
107962,97a9fb,,,,,,
107968,97a9fb,,,,,,
107971,97a9fb,,,,,,
107979,97a9fb,,,,,,
107994,97a9fb,,,,,,
108000,97a9fb,,,,,,
108006,97a9fb,,,,,,
108013,97a9fb,,,,,,
108018,97a9fb,,,,,,
108025,97a9fb,,,,,,
108036,97a9fb,,,,,,
108043,97a9fb,,,,,,
108053,97a9fb,,,,,,
108060,97a9fb,,,,,,
108070,f21012,,,,,,
108078,f21012,,,,,,
108084,f21012,,,,,,
108092,f21012,,,,,,
108098,f21012,,,,,,
108102,f21012,,,,,,
108108,f21012,,,,,,
108114,f21012,,,,,,
108122,f21012,,,,,,
108126,f21012,,,,,,
108130,f21012,,,,,,
108149,f21012,,,,,,
108155,f21012,,,,,,
108167,f21012,,,,,,
108177,f21012,,,,,,
108189,f21012,,,,,,
108197,f21012,,,,,,
108201,f21012,,,,,,
108211,f21012,,,,,,
108217,f21012,,,,,,
108224,f21012,,,,,,
108230,f21012,,,,,,
108247,f21012,,,,,,
108253,f21012,,,,,,
108257,ed1794,,,,,,
108265,ed1794,,,,,,
108272,ed1794,,,,,,
108277,ed1794,,,,,,
108278,ed1794,,,,,,
108285,ed1794,,,,,,
108292,ed1794,,,,,,
108299,ed1794,,,,,,
108306,ed1794,,,,,,
108311,ed1794,,,,,,
108317,ed1794,,,,,,
108331,ed1794,,,,,,
108339,ed1794,,,,,,
108348,ed1794,,,,,,
108354,ed1794,,,,,,
108361,ed1794,,,,,,
108366,ed1794,,,,,,
108379,ed1794,,,,,,
108386,ed1794,,,,,,
108393,ed1794,,,,,,
108400,ed1794,,,,,,
108406,ed1794,,,,,,
108414,ed1794,,,,,,
108422,ed1794,,,,,,
108430,ed1794,,,,,,
108437,ed1794,,,,,,
108445,ed1794,,,,,,
108456,ed1794,,,,,,
108464,ed1794,,,,,,
108476,ed1794,,,,,,
108490,ed1794,,,,,,
108497,ed1794,,,,,,
108504,ed1794,,,,,,
108520,ed1794,,,,,,
108526,ed1794,,,,,,
108533,ed1794,,,,,,
108541,ed1794,,,,,,
108552,ed1794,,,,,,
108562,ed1794,,,,,,
108568,ed1794,,,,,,
108574,ed1794,,,,,,
108580,ed1794,,,,,,
108589,ed1794,,,,,,
108608,ed1794,,,,,,
108620,ed1794,,,,,,
108625,ed1794,,,,,,
108636,ed1794,,,,,,
108643,ed1794,,,,,,
108651,ed1794,,,,,,
108661,ed1794,,,,,,
108667,ed1794,,,,,,
108680,ed1794,,,,,,
108701,ed1794,,,,,,
108709,a28e6e,,,,,,
108716,a28e6e,,,,,,
108720,a28e6e,,,,,,
108726,a28e6e,,,,,,
108737,a28e6e,,,,,,
108748,a28e6e,,,,,,
108762,a28e6e,,,,,,
108774,a28e6e,,,,,,
108779,a28e6e,,,,,,
108786,a28e6e,,,,,,
108793,a28e6e,,,,,,
108801,a28e6e,,,,,,
108812,a28e6e,,,,,,
108819,a28e6e,,,,,,
108826,a28e6e,,,,,,
108834,a28e6e,,,,,,
108839,a28e6e,,,,,,
108845,a28e6e,,,,,,
108852,a28e6e,,,,,,
108859,a28e6e,,,,,,
108866,a28e6e,,,,,,
108874,a28e6e,,,,,,
108882,a28e6e,,,,,,
108886,a28e6e,,,,,,
108896,a28e6e,,,,,,
108898,a28e6e,,,,,,
108906,a28e6e,,,,,,
108912,a28e6e,,,,,,
108921,a28e6e,,,,,,
108927,a28e6e,,,,,,
108934,a28e6e,,,,,,
108940,a28e6e,,,,,,
108944,a28e6e,,,,,,
108948,a28e6e,,,,,,
108957,a28e6e,,,,,,
108966,d9ec6f,,,,,,
108975,d9ec6f,,,,,,
108986,d9ec6f,,,,,,
108991,d9ec6f,,,,,,
108995,d9ec6f,,,,,,
109000,d9ec6f,,,,,,
109009,d9ec6f,,,,,,
109015,d9ec6f,,,,,,
109026,d9ec6f,,,,,,
109033,d9ec6f,,,,,,
109040,d9ec6f,,,,,,
109053,d9ec6f,,,,,,
109066,d9ec6f,,,,,,
109075,d9ec6f,,,,,,
109088,d9ec6f,,,,,,
109099,d9ec6f,,,,,,
109107,d9ec6f,,,,,,
109112,d9ec6f,,,,,,
109126,d9ec6f,,,,,,
109136,d9ec6f,,,,,,
109146,d9ec6f,,,,,,
109153,d9ec6f,,,,,,
109161,d9ec6f,,,,,,
109169,d9ec6f,,,,,,
109173,d9ec6f,,,,,,
109181,d9ec6f,,,,,,
109186,d9ec6f,,,,,,
109192,d9ec6f,,,,,,
109198,d9ec6f,,,,,,
109205,d9ec6f,,,,,,
109212,d9ec6f,,,,,,
109219,d9ec6f,,,,,,
109227,d9ec6f,,,,,,
109239,d9ec6f,,,,,,
109251,d9ec6f,,,,,,
109265,d9ec6f,,,,,,
109269,d9ec6f,,,,,,
109276,d9ec6f,,,,,,
109280,d9ec6f,,,,,,
109289,d9ec6f,,,,,,
109296,d9ec6f,,,,,,
109306,d9ec6f,,,,,,
109313,d9ec6f,,,,,,
109320,d9ec6f,,,,,,
109326,d9ec6f,,,,,,
109332,d9ec6f,,,,,,
109339,d9ec6f,,,,,,
109353,d9ec6f,,,,,,
109361,d9ec6f,,,,,,
109370,d9ec6f,,,,,,
109378,1b831e,,,,,,
109384,1b831e,,,,,,
109389,1b831e,,,,,,
109395,1b831e,,,,,,
109407,1b831e,,,,,,
109417,1b831e,,,,,,
109423,1b831e,,,,,,
109431,1b831e,,,,,,
109440,1b831e,,,,,,
109446,1b831e,,,,,,
109450,1b831e,,,,,,
109457,1b831e,,,,,,
109469,1b831e,,,,,,
109476,1b831e,,,,,,
109489,1b831e,,,,,,
109494,1b831e,,,,,,
109497,1b831e,,,,,,
109504,1b831e,,,,,,
109513,1b831e,,,,,,
109526,1b831e,,,,,,
109535,1b831e,,,,,,
109540,1b831e,,,,,,
109548,1b831e,,,,,,
109555,1b831e,,,,,,
109562,1b831e,,,,,,
109570,1b831e,,,,,,
109578,1b831e,,,,,,
109587,1b831e,,,,,,
109592,1b831e,,,,,,
109611,1b831e,,,,,,
109617,21f567,,,,,,
109625,21f567,,,,,,
109632,21f567,,,,,,
109640,21f567,,,,,,
109645,21f567,,,,,,
109650,21f567,,,,,,
109656,21f567,,,,,,
109666,21f567,,,,,,
109672,21f567,,,,,,
109687,21f567,,,,,,
109692,21f567,,,,,,
109704,21f567,,,,,,
109708,21f567,,,,,,
109713,21f567,,,,,,
109717,21f567,,,,,,
109724,21f567,,,,,,
109728,21f567,,,,,,
109734,21f567,,,,,,
109739,21f567,,,,,,
109752,21f567,,,,,,
109759,21f567,,,,,,
109768,21f567,,,,,,
109774,21f567,,,,,,
109778,21f567,,,,,,
109790,21f567,,,,,,
109800,edab68,,,,,,
109806,edab68,,,,,,
109810,edab68,,,,,,
109824,edab68,,,,,,
109832,edab68,,,,,,
109840,edab68,,,,,,
109845,edab68,,,,,,
109851,edab68,,,,,,
109857,edab68,,,,,,
109877,edab68,,,,,,
109883,edab68,,,,,,
109888,edab68,,,,,,
109897,edab68,,,,,,
109902,edab68,,,,,,
109908,edab68,,,,,,
109913,edab68,,,,,,
109918,edab68,,,,,,
109926,edab68,,,,,,
109932,edab68,,,,,,
109938,edab68,,,,,,
109946,edab68,,,,,,
109953,edab68,,,,,,
109957,edab68,,,,,,
109963,edab68,,,,,,
109971,edab68,,,,,,
109978,edab68,,,,,,
109989,edab68,,,,,,
109997,edab68,,,,,,
110001,edab68,,,,,,
110013,edab68,,,,,,
110031,edab68,,,,,,
110037,edab68,,,,,,
110043,edab68,,,,,,
110048,edab68,,,,,,
110056,edab68,,,,,,
110062,edab68,,,,,,
110068,edab68,,,,,,
110079,edab68,,,,,,
110084,edab68,,,,,,
110091,edab68,,,,,,
110101,edab68,,,,,,
110110,edab68,,,,,,
110116,edab68,,,,,,
110127,edab68,,,,,,
110137,0bd634,,,,,,
110144,0bd634,,,,,,
110148,0bd634,,,,,,
110154,0bd634,,,,,,
110159,0bd634,,,,,,
110164,0bd634,,,,,,
110170,0bd634,,,,,,
110179,0bd634,,,,,,
110187,0bd634,,,,,,
110193,0bd634,,,,,,
110204,0bd634,,,,,,
110211,0bd634,,,,,,
110217,0bd634,,,,,,
110227,0bd634,,,,,,
110240,0bd634,,,,,,
110245,0bd634,,,,,,
110252,0bd634,,,,,,
110259,0bd634,,,,,,
110265,0bd634,,,,,,
110273,0bd634,,,,,,
110285,0bd634,,,,,,
110289,0bd634,,,,,,
110304,0bd634,,,,,,
110310,0bd634,,,,,,
110317,0bd634,,,,,,
110325,0bd634,,,,,,
110329,0bd634,,,,,,
110333,0bd634,,,,,,
110338,b7123d,,,,,,
110347,b7123d,,,,,,
110355,b7123d,,,,,,
110368,b7123d,,,,,,
110372,b7123d,,,,,,
110387,b7123d,,,,,,
110394,b7123d,,,,,,
110398,b7123d,,,,,,
110404,b7123d,,,,,,
110410,b7123d,,,,,,
110419,b7123d,,,,,,
110425,b7123d,,,,,,
110433,b7123d,,,,,,
110440,b7123d,,,,,,
110448,b7123d,,,,,,
110453,b7123d,,,,,,
110466,b7123d,,,,,,
110471,b7123d,,,,,,
110476,b7123d,,,,,,
110482,b7123d,,,,,,
110487,b7123d,,,,,,
110493,b7123d,,,,,,
110504,b7123d,,,,,,
110516,b7123d,,,,,,
110521,b7123d,,,,,,
110526,b7123d,,,,,,
110534,b7123d,,,,,,
110542,b7123d,,,,,,
110549,b7123d,,,,,,
110560,b7123d,,,,,,
110567,b7123d,,,,,,
110572,b7123d,,,,,,
110578,b7123d,,,,,,
110588,b7123d,,,,,,
110594,b7123d,,,,,,
110603,b7123d,,,,,,
110611,b7123d,,,,,,
110619,b7123d,,,,,,
110631,b7123d,,,,,,
110637,b7123d,,,,,,
110641,b7123d,,,,,,
110651,b7123d,,,,,,
110664,b7123d,,,,,,
110671,b7123d,,,,,,
110681,b7123d,,,,,,
110691,b7123d,,,,,,
110698,b7123d,,,,,,
110705,97fa92,,,,,,
110712,97fa92,,,,,,
110717,97fa92,,,,,,
110723,97fa92,,,,,,
110730,97fa92,,,,,,
110734,97fa92,,,,,,
110741,97fa92,,,,,,
110748,97fa92,,,,,,
110753,97fa92,,,,,,
110760,97fa92,,,,,,
110767,97fa92,,,,,,
110772,97fa92,,,,,,
110776,97fa92,,,,,,
110781,97fa92,,,,,,
110785,97fa92,,,,,,
110792,97fa92,,,,,,
110797,97fa92,,,,,,
110804,97fa92,,,,,,
110814,97fa92,,,,,,
110819,97fa92,,,,,,
110827,97fa92,,,,,,
110833,97fa92,,,,,,
110838,97fa92,,,,,,
110845,97fa92,,,,,,
110855,97fa92,,,,,,
110860,97fa92,,,,,,
110877,97fa92,,,,,,
110880,97fa92,,,,,,
110887,97fa92,,,,,,
110892,97fa92,,,,,,
110901,ffd60c,,,,,,
110907,ffd60c,,,,,,
110916,ffd60c,,,,,,
110921,ffd60c,,,,,,
110929,ffd60c,,,,,,
110934,ffd60c,,,,,,
110950,ffd60c,,,,,,
110960,ffd60c,,,,,,
110966,ffd60c,,,,,,
110972,ffd60c,,,,,,
110981,ffd60c,,,,,,
110991,ffd60c,,,,,,
111012,ffd60c,,,,,,
111018,ffd60c,,,,,,
111021,ffd60c,,,,,,
111028,ffd60c,,,,,,
111036,ffd60c,,,,,,
111042,ffd60c,,,,,,
111051,ffd60c,,,,,,
111059,ffd60c,,,,,,
111069,ffd60c,,,,,,
111077,ffd60c,,,,,,
111083,ffd60c,,,,,,
111090,ffd60c,,,,,,
111096,ffd60c,,,,,,
111102,ffd60c,,,,,,
111109,ffd60c,,,,,,
111119,ffd60c,,,,,,
111126,ffd60c,,,,,,
111135,ffd60c,,,,,,
111141,ffd60c,,,,,,
111149,ffd60c,,,,,,
111153,ffd60c,,,,,,
111160,ffd60c,,,,,,
111168,ffd60c,,,,,,
111176,ffd60c,,,,,,
111183,ffd60c,,,,,,
111196,ffd60c,,,,,,
111203,ffd60c,,,,,,
111214,ffd60c,,,,,,
111222,ffd60c,,,,,,
111229,ffd60c,,,,,,
111236,ffd60c,,,,,,
111243,ffd60c,,,,,,
111248,ffd60c,,,,,,
111256,ffd60c,,,,,,
111261,ffd60c,,,,,,
111271,ffd60c,,,,,,
111281,5db8c3,,,,,,
111287,5db8c3,,,,,,
111294,5db8c3,,,,,,
111304,5db8c3,,,,,,
111310,5db8c3,,,,,,
111319,5db8c3,,,,,,
111327,5db8c3,,,,,,
111333,5db8c3,,,,,,
111342,5db8c3,,,,,,
111349,5db8c3,,,,,,
111354,5db8c3,,,,,,
111364,5db8c3,,,,,,
111372,5db8c3,,,,,,
111378,5db8c3,,,,,,
111388,5db8c3,,,,,,
111394,5db8c3,,,,,,
111401,5db8c3,,,,,,
111410,5db8c3,,,,,,
111417,5db8c3,,,,,,
111426,5db8c3,,,,,,
111438,5db8c3,,,,,,
111446,5db8c3,,,,,,
111455,5db8c3,,,,,,
111462,5db8c3,,,,,,
111472,5db8c3,,,,,,
111483,5db8c3,,,,,,
111489,5db8c3,,,,,,
111496,5db8c3,,,,,,
111501,5db8c3,,,,,,
111513,5db8c3,,,,,,
111521,5db8c3,,,,,,
111530,5db8c3,,,,,,
111543,5db8c3,,,,,,
111550,8d455d,,,,,,
111556,8d455d,,,,,,
111563,8d455d,,,,,,
111568,8d455d,,,,,,
111576,8d455d,,,,,,
111581,8d455d,,,,,,
111596,8d455d,,,,,,
111606,8d455d,,,,,,
111613,8d455d,,,,,,
111622,8d455d,,,,,,
111626,8d455d,,,,,,
111638,8d455d,,,,,,
111644,8d455d,,,,,,
111651,8d455d,,,,,,
111657,8d455d,,,,,,
111663,8d455d,,,,,,
111672,8d455d,,,,,,
111678,8d455d,,,,,,
111684,8d455d,,,,,,
111689,8d455d,,,,,,
111693,8d455d,,,,,,
111705,8d455d,,,,,,
111713,8d455d,,,,,,
111724,8d455d,,,,,,
111730,8d455d,,,,,,
111736,8d455d,,,,,,
111745,8d455d,,,,,,
111756,8d455d,,,,,,
111765,8d455d,,,,,,
111771,8d455d,,,,,,
111777,8d455d,,,,,,
111787,9fd3fb,,,,,,
111796,9fd3fb,,,,,,
111803,9fd3fb,,,,,,
111812,9fd3fb,,,,,,
111817,9fd3fb,,,,,,
111826,9fd3fb,,,,,,
111834,9fd3fb,,,,,,
111848,9fd3fb,,,,,,
111857,9fd3fb,,,,,,
111865,9fd3fb,,,,,,
111872,9fd3fb,,,,,,
111878,9fd3fb,,,,,,
111885,9fd3fb,,,,,,
111893,9fd3fb,,,,,,
111898,9fd3fb,,,,,,
111908,9fd3fb,,,,,,
111916,9fd3fb,,,,,,
111924,9fd3fb,,,,,,
111930,9fd3fb,,,,,,
111938,9fd3fb,,,,,,
111944,9fd3fb,,,,,,
111950,9fd3fb,,,,,,
111956,9fd3fb,,,,,,
111961,9fd3fb,,,,,,
111978,9fd3fb,,,,,,
111997,9fd3fb,,,,,,
112005,9fd3fb,,,,,,
112012,9fd3fb,,,,,,
112018,9fd3fb,,,,,,
112028,080ff7,,,,,,
112034,080ff7,,,,,,
112039,080ff7,,,,,,
112044,080ff7,,,,,,
112056,080ff7,,,,,,
112065,080ff7,,,,,,
112069,080ff7,,,,,,
112072,080ff7,,,,,,
112085,080ff7,,,,,,
112096,080ff7,,,,,,
112105,080ff7,,,,,,
112111,080ff7,,,,,,
112123,080ff7,,,,,,
112131,080ff7,,,,,,
112135,080ff7,,,,,,
112144,080ff7,,,,,,
112149,080ff7,,,,,,
112155,080ff7,,,,,,
112166,080ff7,,,,,,
112176,080ff7,,,,,,
112183,080ff7,,,,,,
112189,080ff7,,,,,,
112194,080ff7,,,,,,
112199,080ff7,,,,,,
112208,080ff7,,,,,,
112224,080ff7,,,,,,
112229,080ff7,,,,,,
112233,080ff7,,,,,,
112240,080ff7,,,,,,
112251,080ff7,,,,,,
112255,080ff7,,,,,,
112265,080ff7,,,,,,
112273,080ff7,,,,,,
112278,080ff7,,,,,,
112285,080ff7,,,,,,
112294,080ff7,,,,,,
112299,080ff7,,,,,,
112309,080ff7,,,,,,
112315,080ff7,,,,,,
112321,080ff7,,,,,,
112329,080ff7,,,,,,
112337,080ff7,,,,,,
112344,080ff7,,,,,,
112351,080ff7,,,,,,
112358,080ff7,,,,,,
112367,080ff7,,,,,,
112374,080ff7,,,,,,
112380,080ff7,,,,,,
112397,080ff7,,,,,,
112406,423315,,,,,,
112413,423315,,,,,,
112422,423315,,,,,,
112433,423315,,,,,,
112439,423315,,,,,,
112446,423315,,,,,,
112455,423315,,,,,,
112459,423315,,,,,,
112469,423315,,,,,,
112474,423315,,,,,,
112482,423315,,,,,,
112486,423315,,,,,,
112491,423315,,,,,,
112496,423315,,,,,,
112510,423315,,,,,,
112514,423315,,,,,,
112522,423315,,,,,,
112531,423315,,,,,,
112538,423315,,,,,,
112544,423315,,,,,,
112555,423315,,,,,,
112562,423315,,,,,,
112567,423315,,,,,,
112573,423315,,,,,,
112585,423315,,,,,,
112592,423315,,,,,,
112599,423315,,,,,,
112606,423315,,,,,,
112623,423315,,,,,,
112632,423315,,,,,,
112642,423315,,,,,,
112647,423315,,,,,,
112652,423315,,,,,,
112660,423315,,,,,,
112669,bf0677,,,,,,
112679,bf0677,,,,,,
112686,bf0677,,,,,,
112696,bf0677,,,,,,
112701,bf0677,,,,,,
112711,bf0677,,,,,,
112719,bf0677,,,,,,
112730,bf0677,,,,,,
112738,bf0677,,,,,,
112747,bf0677,,,,,,
112756,bf0677,,,,,,
112763,bf0677,,,,,,
112767,bf0677,,,,,,
112768,bf0677,,,,,,
112776,bf0677,,,,,,
112783,bf0677,,,,,,
112789,bf0677,,,,,,
112796,bf0677,,,,,,
112806,bf0677,,,,,,
112816,bf0677,,,,,,
112822,bf0677,,,,,,
112827,bf0677,,,,,,
112831,bf0677,,,,,,
112839,bf0677,,,,,,
112866,bf0677,,,,,,
112874,bf0677,,,,,,
112883,bf0677,,,,,,
112891,bf0677,,,,,,
112898,bf0677,,,,,,
112904,bf0677,,,,,,
112913,bf0677,,,,,,
112918,bf0677,,,,,,
112930,bf0677,,,,,,
112938,bf0677,,,,,,
112958,bf0677,,,,,,
112973,bf0677,,,,,,
112979,bf0677,,,,,,
113001,bf0677,,,,,,
113008,bf0677,,,,,,
113023,bf0677,,,,,,
113029,bf0677,,,,,,
113035,bf0677,,,,,,
113045,bf0677,,,,,,
113053,bf0677,,,,,,
113059,bf0677,,,,,,
113066,bf0677,,,,,,
113072,bf0677,,,,,,
113078,1a3b04,,,,,,
113087,1a3b04,,,,,,
113092,1a3b04,,,,,,
113109,1a3b04,,,,,,
113113,1a3b04,,,,,,
113122,1a3b04,,,,,,
113133,1a3b04,,,,,,
113149,1a3b04,,,,,,
113153,1a3b04,,,,,,
113175,1a3b04,,,,,,
113182,1a3b04,,,,,,
113189,1a3b04,,,,,,
113198,1a3b04,,,,,,
113214,1a3b04,,,,,,
113220,1a3b04,,,,,,
113227,1a3b04,,,,,,
113244,1a3b04,,,,,,
113250,1a3b04,,,,,,
113255,1a3b04,,,,,,
113266,1a3b04,,,,,,
113274,1a3b04,,,,,,
113285,1a3b04,,,,,,
113290,1a3b04,,,,,,
113296,1a3b04,,,,,,
113305,1a3b04,,,,,,
113312,1a3b04,,,,,,
113317,1a3b04,,,,,,
113326,1a3b04,,,,,,
113348,1a3b04,,,,,,
113353,1a3b04,,,,,,
113363,1a3b04,,,,,,
113372,ad4f95,,,,,,
113377,ad4f95,,,,,,
113386,ad4f95,,,,,,
113391,ad4f95,,,,,,
113397,ad4f95,,,,,,
113403,ad4f95,,,,,,
113410,ad4f95,,,,,,
113414,ad4f95,,,,,,
113424,ad4f95,,,,,,
113428,ad4f95,,,,,,
113435,ad4f95,,,,,,
113444,ad4f95,,,,,,
113451,ad4f95,,,,,,
113457,ad4f95,,,,,,
113462,ad4f95,,,,,,
113470,ad4f95,,,,,,
113474,ad4f95,,,,,,
113481,ad4f95,,,,,,
113496,ad4f95,,,,,,
113502,ad4f95,,,,,,
113507,ad4f95,,,,,,
113513,ad4f95,,,,,,
113527,ad4f95,,,,,,
113537,ad4f95,,,,,,
113549,ad4f95,,,,,,
113553,ad4f95,,,,,,
113559,ad4f95,,,,,,
113566,ad4f95,,,,,,
113582,ad4f95,,,,,,
113588,ad4f95,,,,,,
113596,ad4f95,,,,,,
113607,ad4f95,,,,,,
113614,ad4f95,,,,,,
113623,ad4f95,,,,,,
113630,ad4f95,,,,,,
113635,ad4f95,,,,,,
113640,ad4f95,,,,,,
113646,ad4f95,,,,,,
113651,ad4f95,,,,,,
113658,ad4f95,,,,,,
113664,ad4f95,,,,,,
113673,ad4f95,,,,,,
113681,ad4f95,,,,,,
113687,ad4f95,,,,,,
113700,ad4f95,,,,,,
113717,e802c5,,,,,,
113723,e802c5,,,,,,
113730,e802c5,,,,,,
113745,e802c5,,,,,,
113753,e802c5,,,,,,
113764,e802c5,,,,,,
113768,e802c5,,,,,,
113779,e802c5,,,,,,
113786,e802c5,,,,,,
113794,e802c5,,,,,,
113805,e802c5,,,,,,
113813,e802c5,,,,,,
113824,e802c5,,,,,,
113831,e802c5,,,,,,
113844,e802c5,,,,,,
113849,e802c5,,,,,,
113855,e802c5,,,,,,
113862,e802c5,,,,,,
113873,e802c5,,,,,,
113879,e802c5,,,,,,
113884,e802c5,,,,,,
113892,e802c5,,,,,,
113901,e802c5,,,,,,
113906,e802c5,,,,,,
113914,e802c5,,,,,,
113920,e802c5,,,,,,
113925,e802c5,,,,,,
113932,e802c5,,,,,,
113944,e802c5,,,,,,
113950,e802c5,,,,,,
113957,e802c5,,,,,,
113964,e802c5,,,,,,
113972,cfacad,,,,,,
113987,cfacad,,,,,,
113992,cfacad,,,,,,
114002,cfacad,,,,,,
114008,cfacad,,,,,,
114020,cfacad,,,,,,
114025,cfacad,,,,,,
114036,cfacad,,,,,,
114043,cfacad,,,,,,
114054,cfacad,,,,,,
114058,cfacad,,,,,,
114065,cfacad,,,,,,
114077,cfacad,,,,,,
114084,cfacad,,,,,,
114090,cfacad,,,,,,
114101,cfacad,,,,,,
114108,cfacad,,,,,,
114120,cfacad,,,,,,
114127,cfacad,,,,,,
114135,cfacad,,,,,,
114148,cfacad,,,,,,
114159,cfacad,,,,,,
114168,cfacad,,,,,,
114178,cfacad,,,,,,
114186,cfacad,,,,,,
114191,cfacad,,,,,,
114198,cfacad,,,,,,
114219,cfacad,,,,,,
114228,cfacad,,,,,,
114235,cfacad,,,,,,
114246,cfacad,,,,,,
114252,cfacad,,,,,,
114257,cfacad,,,,,,
114268,cfacad,,,,,,
114274,cfacad,,,,,,
114283,cfacad,,,,,,
114287,cfacad,,,,,,
114293,cfacad,,,,,,
114298,cfacad,,,,,,
114306,cfacad,,,,,,
114319,cfacad,,,,,,
114329,cfacad,,,,,,
114333,cfacad,,,,,,
114349,cfacad,,,,,,
114359,cfacad,,,,,,
114366,cfacad,,,,,,
114371,cfacad,,,,,,
114377,d3a621,,,,,,
114385,d3a621,,,,,,
114395,d3a621,,,,,,
114414,d3a621,,,,,,
114421,d3a621,,,,,,
114429,d3a621,,,,,,
114433,d3a621,,,,,,
114445,d3a621,,,,,,
114450,d3a621,,,,,,
114457,d3a621,,,,,,
114483,d3a621,,,,,,
114488,d3a621,,,,,,
114493,d3a621,,,,,,
114502,d3a621,,,,,,
114521,d3a621,,,,,,
114535,d3a621,,,,,,
114544,d3a621,,,,,,
114554,b55c79,,,,,,
114560,b55c79,,,,,,
114569,b55c79,,,,,,
114576,b55c79,,,,,,
114580,b55c79,,,,,,
114586,b55c79,,,,,,
114594,b55c79,,,,,,
114608,b55c79,,,,,,
114613,b55c79,,,,,,
114621,b55c79,,,,,,
114625,b55c79,,,,,,
114636,b55c79,,,,,,
114651,b55c79,,,,,,
114660,b55c79,,,,,,
114668,b55c79,,,,,,
114687,b55c79,,,,,,
114697,b55c79,,,,,,
114706,b55c79,,,,,,
114715,b55c79,,,,,,
114733,b55c79,,,,,,
114741,b55c79,,,,,,
114755,b55c79,,,,,,
114763,b55c79,,,,,,
114775,b55c79,,,,,,
114788,b55c79,,,,,,
114800,b55c79,,,,,,
114811,b55c79,,,,,,
114831,b55c79,,,,,,
114836,d0ae6d,,,,,,
114843,d0ae6d,,,,,,
114851,d0ae6d,,,,,,
114864,d0ae6d,,,,,,
114875,d0ae6d,,,,,,
114881,d0ae6d,,,,,,
114886,d0ae6d,,,,,,
114896,d0ae6d,,,,,,
114901,d0ae6d,,,,,,
114912,d0ae6d,,,,,,
114923,d0ae6d,,,,,,
114930,d0ae6d,,,,,,
114941,d0ae6d,,,,,,
114949,d0ae6d,,,,,,
114959,d0ae6d,,,,,,
114966,d0ae6d,,,,,,
114972,d0ae6d,,,,,,
114977,d0ae6d,,,,,,
114988,d0ae6d,,,,,,
114998,d0ae6d,,,,,,
115018,37258c,,,,,,
115029,37258c,,,,,,
115035,37258c,,,,,,
115044,37258c,,,,,,
115051,37258c,,,,,,
115061,37258c,,,,,,
115069,37258c,,,,,,
115077,37258c,,,,,,
115083,37258c,,,,,,
115091,37258c,,,,,,
115099,37258c,,,,,,
115104,37258c,,,,,,
115111,37258c,,,,,,
115124,37258c,,,,,,
115130,37258c,,,,,,
115139,8bcb43,,,,,,
115146,8bcb43,,,,,,
115152,8bcb43,,,,,,
115157,8bcb43,,,,,,
115161,8bcb43,,,,,,
115171,8bcb43,,,,,,
115180,8bcb43,,,,,,
115189,8bcb43,,,,,,
115194,8bcb43,,,,,,
115203,8bcb43,,,,,,
115214,8bcb43,,,,,,
115218,8bcb43,,,,,,
115227,8bcb43,,,,,,
115234,8bcb43,,,,,,
115238,8bcb43,,,,,,
115243,8bcb43,,,,,,
115249,8bcb43,,,,,,
115256,8bcb43,,,,,,
115259,8bcb43,,,,,,
115264,68e4a8,,,,,,
115268,68e4a8,,,,,,
115270,68e4a8,,,,,,
115277,68e4a8,,,,,,
115301,68e4a8,,,,,,
115309,68e4a8,,,,,,
115316,68e4a8,,,,,,
115338,68e4a8,,,,,,
115353,68e4a8,,,,,,
115359,68e4a8,,,,,,
115366,68e4a8,,,,,,
115372,68e4a8,,,,,,
115378,68e4a8,,,,,,
115388,68e4a8,,,,,,
115404,68e4a8,,,,,,
115419,68e4a8,,,,,,
115431,68e4a8,,,,,,
115439,68e4a8,,,,,,
115444,68e4a8,,,,,,
115453,68e4a8,,,,,,
115460,68e4a8,,,,,,
115466,68e4a8,,,,,,
115473,68e4a8,,,,,,
115480,68e4a8,,,,,,
115499,68e4a8,,,,,,
115506,63b619,,,,,,
115511,63b619,,,,,,
115517,63b619,,,,,,
115523,63b619,,,,,,
115530,63b619,,,,,,
115541,63b619,,,,,,
115551,63b619,,,,,,
115558,63b619,,,,,,
115571,63b619,,,,,,
115579,63b619,,,,,,
115590,63b619,,,,,,
115596,63b619,,,,,,
115604,63b619,,,,,,
115610,63b619,,,,,,
115618,63b619,,,,,,
115634,63b619,,,,,,
115640,63b619,,,,,,
115662,63b619,,,,,,
115666,63b619,,,,,,
115675,63b619,,,,,,
115681,63b619,,,,,,
115690,63b619,,,,,,
115696,63b619,,,,,,
115705,63b619,,,,,,
115717,63b619,,,,,,
115726,63b619,,,,,,
115740,63b619,,,,,,
115758,63b619,,,,,,
115762,63b619,,,,,,
115769,63b619,,,,,,
115775,63b619,,,,,,
115781,63b619,,,,,,
115785,63b619,,,,,,
115792,a4907a,,,,,,
115798,a4907a,,,,,,
115812,a4907a,,,,,,
115819,a4907a,,,,,,
115828,a4907a,,,,,,
115851,a4907a,,,,,,
115858,a4907a,,,,,,
115869,a4907a,,,,,,
115875,a4907a,,,,,,
115881,a4907a,,,,,,
115890,a4907a,,,,,,
115897,a4907a,,,,,,
115907,a4907a,,,,,,
115915,a4907a,,,,,,
115922,a4907a,,,,,,
115932,a4907a,,,,,,
115945,a4907a,,,,,,
115957,a4907a,,,,,,
115964,a4907a,,,,,,
115971,a4907a,,,,,,
115981,a4907a,,,,,,
115988,a4907a,,,,,,
116002,a4907a,,,,,,
116009,a4907a,,,,,,
116019,a4907a,,,,,,
116025,a4907a,,,,,,
116033,a4907a,,,,,,
116038,a4907a,,,,,,
116049,a4907a,,,,,,
116060,a4907a,,,,,,
116073,a4907a,,,,,,
116079,a4907a,,,,,,
116084,a4907a,,,,,,
116093,a4907a,,,,,,
116105,a4907a,,,,,,
116112,ace99b,,,,,,
116120,ace99b,,,,,,
116125,ace99b,,,,,,
116136,ace99b,,,,,,
116143,ace99b,,,,,,
116153,ace99b,,,,,,
116160,ace99b,,,,,,
116169,ace99b,,,,,,
116175,ace99b,,,,,,
116183,ace99b,,,,,,
116198,ace99b,,,,,,
116209,ace99b,,,,,,
116222,00fba5,,,,,,
116228,00fba5,,,,,,
116234,00fba5,,,,,,
116242,00fba5,,,,,,
116248,00fba5,,,,,,
116257,00fba5,,,,,,
116275,00fba5,,,,,,
116283,00fba5,,,,,,
116288,00fba5,,,,,,
116294,00fba5,,,,,,
116303,00fba5,,,,,,
116317,00fba5,,,,,,
116325,00fba5,,,,,,
116337,00fba5,,,,,,
116352,00fba5,,,,,,
116365,00fba5,,,,,,
116373,00fba5,,,,,,
116381,00fba5,,,,,,
116394,00fba5,,,,,,
116402,00fba5,,,,,,
116407,00fba5,,,,,,
116416,ffc5c7,,,,,,
116421,ffc5c7,,,,,,
116427,ffc5c7,,,,,,
116432,ffc5c7,,,,,,
116440,ffc5c7,,,,,,
116447,ffc5c7,,,,,,
116456,ffc5c7,,,,,,
116480,ffc5c7,,,,,,
116501,ffc5c7,,,,,,
116512,ffc5c7,,,,,,
116518,ffc5c7,,,,,,
116526,ffc5c7,,,,,,
116535,ffc5c7,,,,,,
116541,ffc5c7,,,,,,
116547,ffc5c7,,,,,,
116551,ffc5c7,,,,,,
116557,ffc5c7,,,,,,
116562,ffc5c7,,,,,,
116567,ffc5c7,,,,,,
116582,ffc5c7,,,,,,
116588,ffc5c7,,,,,,
116594,ffc5c7,,,,,,
116604,ffc5c7,,,,,,
116609,ffc5c7,,,,,,
116615,ffc5c7,,,,,,
116621,ffc5c7,,,,,,
116625,a282c1,,,,,,
116635,a282c1,,,,,,
116644,a282c1,,,,,,
116650,a282c1,,,,,,
116656,a282c1,,,,,,
116667,a282c1,,,,,,
116676,a282c1,,,,,,
116694,a282c1,,,,,,
116704,a282c1,,,,,,
116709,a282c1,,,,,,
116714,a282c1,,,,,,
116722,a282c1,,,,,,
116735,a282c1,,,,,,
116742,a282c1,,,,,,
116755,a282c1,,,,,,
116761,a282c1,,,,,,
116769,a282c1,,,,,,
116777,d7bc90,,,,,,
116787,d7bc90,,,,,,
116794,d7bc90,,,,,,
116798,d7bc90,,,,,,
116803,d7bc90,,,,,,
116810,d7bc90,,,,,,
116816,d7bc90,,,,,,
116822,d7bc90,,,,,,
116830,d7bc90,,,,,,
116835,d7bc90,,,,,,
116842,d7bc90,,,,,,
116866,d7bc90,,,,,,
116876,d7bc90,,,,,,
116883,d7bc90,,,,,,
116894,d7bc90,,,,,,
116910,aadfff,,,,,,
116917,aadfff,,,,,,
116922,aadfff,,,,,,
116927,aadfff,,,,,,
116933,aadfff,,,,,,
116941,aadfff,,,,,,
116947,aadfff,,,,,,
116955,aadfff,,,,,,
116964,aadfff,,,,,,
116971,aadfff,,,,,,
116979,aadfff,,,,,,
116987,aadfff,,,,,,
116997,aadfff,,,,,,
117007,aadfff,,,,,,
117013,aadfff,,,,,,
117018,aadfff,,,,,,
117035,aadfff,,,,,,
117041,aadfff,,,,,,
117045,aadfff,,,,,,
117053,aadfff,,,,,,
117069,aadfff,,,,,,
117075,92105,,,,,,
117083,92105,,,,,,
117092,92105,,,,,,
117097,92105,,,,,,
117106,92105,,,,,,
117113,92105,,,,,,
117125,92105,,,,,,
117130,92105,,,,,,
117148,92105,,,,,,
117157,92105,,,,,,
117164,92105,,,,,,
117168,92105,,,,,,
117175,92105,,,,,,
117181,92105,,,,,,
117187,92105,,,,,,
117196,92105,,,,,,
117202,92105,,,,,,
117210,92105,,,,,,
117218,92105,,,,,,
117223,92105,,,,,,
117238,92105,,,,,,
117246,92105,,,,,,
117254,92105,,,,,,
117266,92105,,,,,,
117278,92105,,,,,,
117284,92105,,,,,,
117290,92105,,,,,,
117298,92105,,,,,,
117305,92105,,,,,,
117312,92105,,,,,,
117320,158006,,,,,,
117363,158006,,,,,,
117369,158006,,,,,,
117377,158006,,,,,,
117384,158006,,,,,,
117393,158006,,,,,,
117408,158006,,,,,,
117416,158006,,,,,,
117423,158006,,,,,,
117431,158006,,,,,,
117455,158006,,,,,,
117459,158006,,,,,,
117472,158006,,,,,,
117483,158006,,,,,,
117494,158006,,,,,,
117500,158006,,,,,,
117506,158006,,,,,,
117512,158006,,,,,,
117519,158006,,,,,,
117527,158006,,,,,,
117533,158006,,,,,,
117540,158006,,,,,,
117547,158006,,,,,,
117555,158006,,,,,,
117577,158006,,,,,,
117588,158006,,,,,,
117597,7708d2,,,,,,
117604,7708d2,,,,,,
117612,7708d2,,,,,,
117624,7708d2,,,,,,
117632,7708d2,,,,,,
117638,7708d2,,,,,,
117643,7708d2,,,,,,
117650,7708d2,,,,,,
117656,7708d2,,,,,,
117663,7708d2,,,,,,
117671,7708d2,,,,,,
117677,7708d2,,,,,,
117684,7708d2,,,,,,
117692,7708d2,,,,,,
117699,7708d2,,,,,,
117706,7708d2,,,,,,
117713,7708d2,,,,,,
117719,7708d2,,,,,,
117726,7708d2,,,,,,
117731,7708d2,,,,,,
117735,7708d2,,,,,,
117741,7708d2,,,,,,
117750,7708d2,,,,,,
117757,7708d2,,,,,,
117764,7708d2,,,,,,
117769,7708d2,,,,,,
117774,27918,,,,,,
117787,27918,,,,,,
117795,27918,,,,,,
117808,27918,,,,,,
117815,27918,,,,,,
117819,27918,,,,,,
117825,27918,,,,,,
117833,27918,,,,,,
117839,27918,,,,,,
117844,27918,,,,,,
117852,27918,,,,,,
117860,27918,,,,,,
117877,27918,,,,,,
117885,27918,,,,,,
117890,27918,,,,,,
117902,27918,,,,,,
117913,27918,,,,,,
117918,27918,,,,,,
117936,27918,,,,,,
117946,27918,,,,,,
117953,27918,,,,,,
117961,27918,,,,,,
117972,27918,,,,,,
117985,27918,,,,,,
117992,27918,,,,,,
117998,27918,,,,,,
118003,27918,,,,,,
118013,27918,,,,,,
118019,27918,,,,,,
118025,27918,,,,,,
118035,a75952,,,,,,
118042,a75952,,,,,,
118046,a75952,,,,,,
118050,a75952,,,,,,
118054,a75952,,,,,,
118060,a75952,,,,,,
118069,a75952,,,,,,
118075,a75952,,,,,,
118087,a75952,,,,,,
118093,a75952,,,,,,
118102,a75952,,,,,,
118113,a75952,,,,,,
118128,a75952,,,,,,
118137,a75952,,,,,,
118141,a75952,,,,,,
118147,a75952,,,,,,
118161,a75952,,,,,,
118167,a75952,,,,,,
118174,a75952,,,,,,
118181,a75952,,,,,,
118192,a75952,,,,,,
118199,a75952,,,,,,
118206,a75952,,,,,,
118212,a75952,,,,,,
118227,a75952,,,,,,
118240,a75952,,,,,,
118245,a75952,,,,,,
118253,a75952,,,,,,
118261,333762,,,,,,
118269,333762,,,,,,
118274,333762,,,,,,
118281,333762,,,,,,
118289,333762,,,,,,
118296,333762,,,,,,
118318,333762,,,,,,
118324,333762,,,,,,
118330,333762,,,,,,
118341,333762,,,,,,
118347,333762,,,,,,
118355,333762,,,,,,
118373,333762,,,,,,
118381,333762,,,,,,
118390,333762,,,,,,
118398,333762,,,,,,
118410,333762,,,,,,
118416,333762,,,,,,
118421,333762,,,,,,
118425,333762,,,,,,
118433,5a1596,,,,,,
118441,5a1596,,,,,,
118445,5a1596,,,,,,
118461,5a1596,,,,,,
118469,5a1596,,,,,,
118480,5a1596,,,,,,
118492,5a1596,,,,,,
118504,5a1596,,,,,,
118514,5a1596,,,,,,
118521,5a1596,,,,,,
118530,5a1596,,,,,,
118536,5a1596,,,,,,
118552,5a1596,,,,,,
118559,5a1596,,,,,,
118568,5a1596,,,,,,
118575,5a1596,,,,,,
118584,5a1596,,,,,,
118591,5a1596,,,,,,
118598,5a1596,,,,,,
118607,5a1596,,,,,,
118617,5a1596,,,,,,
118623,5a1596,,,,,,
118629,5a1596,,,,,,
118635,5a1596,,,,,,
118644,5a1596,,,,,,
118654,5a1596,,,,,,
118662,5a1596,,,,,,
118674,5a1596,,,,,,
118690,5a1596,,,,,,
118696,5a1596,,,,,,
118703,5a1596,,,,,,
118710,5a1596,,,,,,
118720,5a1596,,,,,,
118728,5a1596,,,,,,
118734,5a1596,,,,,,
118740,5a1596,,,,,,
118750,5a1596,,,,,,
118757,02e4dd,,,,,,
118762,02e4dd,,,,,,
118784,02e4dd,,,,,,
118791,02e4dd,,,,,,
118799,02e4dd,,,,,,
118804,02e4dd,,,,,,
118822,02e4dd,,,,,,
118830,02e4dd,,,,,,
118837,02e4dd,,,,,,
118850,02e4dd,,,,,,
118866,02e4dd,,,,,,
118874,02e4dd,,,,,,
118883,02e4dd,,,,,,
118891,02e4dd,,,,,,
118894,02e4dd,,,,,,
118898,02e4dd,,,,,,
118904,02e4dd,,,,,,
118913,02e4dd,,,,,,
118932,02e4dd,,,,,,
118934,02e4dd,,,,,,
118941,eba2ed,,,,,,
118952,eba2ed,,,,,,
118959,eba2ed,,,,,,
118966,eba2ed,,,,,,
118971,eba2ed,,,,,,
118978,eba2ed,,,,,,
118984,eba2ed,,,,,,
118989,eba2ed,,,,,,
118996,eba2ed,,,,,,
119012,eba2ed,,,,,,
119019,eba2ed,,,,,,
119027,eba2ed,,,,,,
119034,eba2ed,,,,,,
119040,eba2ed,,,,,,
119048,eba2ed,,,,,,
119053,eba2ed,,,,,,
119060,eba2ed,,,,,,
119067,eba2ed,,,,,,
119076,b7e430,,,,,,
119085,b7e430,,,,,,
119100,b7e430,,,,,,
119108,b7e430,,,,,,
119114,b7e430,,,,,,
119119,b7e430,,,,,,
119140,b7e430,,,,,,
119149,b7e430,,,,,,
119158,b7e430,,,,,,
119165,b7e430,,,,,,
119180,b7e430,,,,,,
119185,b7e430,,,,,,
119198,b7e430,,,,,,
119206,b7e430,,,,,,
119215,b7e430,,,,,,
119220,b7e430,,,,,,
119227,b7e430,,,,,,
119233,b7e430,,,,,,
119243,b7e430,,,,,,
119250,b7e430,,,,,,
119257,b7e430,,,,,,
119265,b7e430,,,,,,
119285,b7e430,,,,,,
119292,b7e430,,,,,,
119306,b7e430,,,,,,
119322,b7e430,,,,,,
119337,b7e430,,,,,,
119345,b7e430,,,,,,
119366,b7e430,,,,,,
119374,b7e430,,,,,,
119385,b7e430,,,,,,
119391,b7e430,,,,,,
119397,b7e430,,,,,,
119402,b7e430,,,,,,
119415,890fab,,,,,,
119421,890fab,,,,,,
119426,890fab,,,,,,
119432,890fab,,,,,,
119437,890fab,,,,,,
119446,890fab,,,,,,
119474,890fab,,,,,,
119492,890fab,,,,,,
119502,890fab,,,,,,
119512,890fab,,,,,,
119524,890fab,,,,,,
119532,890fab,,,,,,
119550,890fab,,,,,,
119564,890fab,,,,,,
119569,890fab,,,,,,
119575,890fab,,,,,,
119582,890fab,,,,,,
119588,890fab,,,,,,
119595,890fab,,,,,,
119601,890fab,,,,,,
119613,890fab,,,,,,
119618,516c57,,,,,,
119625,516c57,,,,,,
119632,516c57,,,,,,
119643,516c57,,,,,,
119649,516c57,,,,,,
119657,516c57,,,,,,
119665,516c57,,,,,,
119678,516c57,,,,,,
119692,516c57,,,,,,
119708,516c57,,,,,,
119717,516c57,,,,,,
119724,516c57,,,,,,
119734,516c57,,,,,,
119744,516c57,,,,,,
119755,516c57,,,,,,
119772,516c57,,,,,,
119784,516c57,,,,,,
119788,516c57,,,,,,
119794,516c57,,,,,,
119797,516c57,,,,,,
119801,e7a6d4,,,,,,
119808,e7a6d4,,,,,,
119824,e7a6d4,,,,,,
119832,e7a6d4,,,,,,
119847,e7a6d4,,,,,,
119856,e7a6d4,,,,,,
119864,e7a6d4,,,,,,
119869,e7a6d4,,,,,,
119877,e7a6d4,,,,,,
119885,e7a6d4,,,,,,
119893,e7a6d4,,,,,,
119899,e7a6d4,,,,,,
119903,e7a6d4,,,,,,
119908,e7a6d4,,,,,,
119921,2aa401,,,,,,
119929,2aa401,,,,,,
119933,2aa401,,,,,,
119942,2aa401,,,,,,
119955,2aa401,,,,,,
119961,2aa401,,,,,,
119966,2aa401,,,,,,
119981,2aa401,,,,,,
119992,2aa401,,,,,,
119998,2aa401,,,,,,
120004,2aa401,,,,,,
120014,2aa401,,,,,,
120023,2aa401,,,,,,
120030,2aa401,,,,,,
120035,2aa401,,,,,,
120043,2aa401,,,,,,
120049,2aa401,,,,,,
120053,2aa401,,,,,,
120060,2aa401,,,,,,
120071,2aa401,,,,,,
120078,2aa401,,,,,,
120089,bccea6,,,,,,
120098,bccea6,,,,,,
120103,bccea6,,,,,,
120108,bccea6,,,,,,
120114,bccea6,,,,,,
120127,bccea6,,,,,,
120133,bccea6,,,,,,
120141,bccea6,,,,,,
120149,bccea6,,,,,,
120156,bccea6,,,,,,
120172,bccea6,,,,,,
120181,bccea6,,,,,,
120202,bccea6,,,,,,
120210,bccea6,,,,,,
120216,bccea6,,,,,,
120224,bccea6,,,,,,
120234,bccea6,,,,,,
120239,bccea6,,,,,,
120247,bccea6,,,,,,
120252,bccea6,,,,,,
120260,bccea6,,,,,,
120268,bccea6,,,,,,
120285,bccea6,,,,,,
120290,bccea6,,,,,,
120297,bccea6,,,,,,
120305,0a6d68,,,,,,
120318,0a6d68,,,,,,
120323,0a6d68,,,,,,
120331,0a6d68,,,,,,
120342,0a6d68,,,,,,
120349,0a6d68,,,,,,
120356,0a6d68,,,,,,
120369,0a6d68,,,,,,
120374,0a6d68,,,,,,
120380,0a6d68,,,,,,
120387,0a6d68,,,,,,
120397,0a6d68,,,,,,
120422,0a6d68,,,,,,
120430,0a6d68,,,,,,
120439,0a6d68,,,,,,
120444,0a6d68,,,,,,
120451,0a6d68,,,,,,
120464,0a6d68,,,,,,
120475,0a6d68,,,,,,
120482,0a6d68,,,,,,
120491,0a6d68,,,,,,
120496,0a6d68,,,,,,
120510,0a6d68,,,,,,
120518,0a6d68,,,,,,
120525,0a6d68,,,,,,
120532,d67b70,,,,,,
120540,d67b70,,,,,,
120558,d67b70,,,,,,
120569,d67b70,,,,,,
120576,d67b70,,,,,,
120588,d67b70,,,,,,
120603,d67b70,,,,,,
120606,d67b70,,,,,,
120618,d67b70,,,,,,
120625,d67b70,,,,,,
120630,d67b70,,,,,,
120635,d67b70,,,,,,
120641,d67b70,,,,,,
120651,d67b70,,,,,,
120657,d67b70,,,,,,
120663,d67b70,,,,,,
120670,d67b70,,,,,,
120678,d67b70,,,,,,
120684,d67b70,,,,,,
120689,d67b70,,,,,,
120696,d67b70,,,,,,
120702,d67b70,,,,,,
120712,d67b70,,,,,,
120721,d67b70,,,,,,
120732,d67b70,,,,,,
120746,d67b70,,,,,,
